STATE_UT_NAME,DISTRICT,JAN,FEB,MAR,APR,MAY,JUN,JUL,AUG
ANDAMAN And NICOBAR ISLANDS,NICOBAR,107.3,57.9,65.2,117,358.5,295.5,285,271.9
ANDAMAN And NICOBAR ISLANDS,SOUTH ANDAMAN,43.7,26,18.6,90.5,374.4,457.2,421.3,423.1
ANDAMAN And NICOBAR ISLANDS,N & M ANDAMAN,32.7,15.9,8.6,53.4,343.6,503.3,465.4,460.9
ARUNACHAL PRADESH,LOHIT,42.2,80.8,176.4,358.5,306.4,447,660.1,427.8
ARUNACHAL PRADESH,EAST SIANG,33.3,79.5,105.9,216.5,323,738.3,990.9,711.2
ARUNACHAL PRADESH,SUBANSIRI F.D,28,48.3,85.3,101.5,140.5,228.4,217.4,182.8
ARUNACHAL PRADESH,TIRAP,42.2,72.7,141,316.9,328.7,614.7,851.9,500.6
ARUNACHAL PRADESH,ANJAW (LOHIT),42.2,80.8,176.4,358.5,306.4,447,660.1,427.8
ARUNACHAL PRADESH,LOWER DIBANG,83.7,153.9,303.5,383.6,268,374.2,272,160.5
ARUNACHAL PRADESH,CHANGLANG,70.3,170.9,367.9,554.4,334.2,526.2,460.8,291.5
ARUNACHAL PRADESH,PAPUM PARE,33.5,67.8,106.1,226.9,453,640.5,609.5,503.4
ARUNACHAL PRADESH,LOW SUBANSIRI,97.5,109.3,92.4,204.3,266.2,284.1,248.9,270.5
ARUNACHAL PRADESH,UPPER SIANG,74.3,176.7,362.6,397.5,408.7,801.9,653,417.9
ARUNACHAL PRADESH,WEST SIANG,26,66.7,76.8,229.2,239.5,416.6,592.4,312.4
ARUNACHAL PRADESH,DIBANG VALLEY,83.7,153.9,303.5,383.6,268,374.2,272,160.5
ARUNACHAL PRADESH,WEST KAMENG,35.2,43.5,58.9,134.3,341.1,665.3,749.9,579.1
ARUNACHAL PRADESH,EAST KAMENG,49,74.4,96.5,156.9,208,345.7,368.5,256.2
ARUNACHAL PRADESH,TAWANG(W KAME,35.2,43.5,58.9,134.3,341.1,665.3,749.9,579.1
ARUNACHAL PRADESH,KURUNG KUMEY,82.7,70,128.2,245.7,271.4,292.7,404,276.3
ASSAM,CACHAR,13.3,50.2,168.3,262.5,386.4,532.1,526.2,470.8
ASSAM,DARRANG,13.1,21.4,53.5,168.8,320,419.7,345.8,272.1
ASSAM,GOALPARA,12.7,20.4,51.1,196.6,399.8,567.8,502.8,334.6
ASSAM,KAMRUP,12,20.8,58.6,151.7,293.4,365.5,345.1,248.7
ASSAM,LAKHIMPUR,27.7,48.6,76.7,165.5,331.9,528.3,605.2,467.6
ASSAM,NORTH CACHAR,16.7,47.5,158.9,207.9,308,328.1,270.3,201.3
ASSAM,NAGAON,12,22.5,48.1,128.9,171.3,285.9,326.3,294.1
ASSAM,SIVASAGAR,20.1,33.2,78.3,126.5,257.1,255.5,374.8,342.3
ASSAM,BARPETA,10.3,26.9,54,175.7,391.5,694.3,757.3,527.3
ASSAM,DHUBRI,10.3,11.7,46.6,147.5,391.6,603,554.7,418.7
ASSAM,DIBRUGARH,30.6,53.1,119.8,229.9,292.4,401,519.4,405.1
ASSAM,JORHAT,22.2,36.7,80.1,204.6,277.4,288.8,390.7,346.9
ASSAM,KARIMGANJ,13.2,35.2,169.7,340.4,604,645.2,646,438
ASSAM,KOKRAJHAR,10.9,27.9,45.8,216.4,461.1,822.2,864.2,677.1
ASSAM,SHONITPUR,19.4,23.1,50,144.3,284.1,363.1,384.2,337.9
ASSAM,GOLAGHAT,16.9,29.5,65.2,135.9,245.6,254.2,314.7,271.4
ASSAM,TINSUKIA,26.6,58.4,131.2,215.9,272.7,388.3,515.3,387.2
ASSAM,HAILAKANDI,7.3,42,123.8,239,416.2,470.4,426.8,406.9
ASSAM,DHEMAJI(LAKHI,27.7,48.6,76.7,165.5,331.9,528.3,605.2,467.6
ASSAM,KARBI ANGLONG,12.8,24.1,53.8,106.3,139.4,224.9,238.7,220.5
ASSAM,UDALGURI(DARA,13.1,21.4,53.5,168.8,320,419.7,345.8,272.1
ASSAM,KAMRUP METROP,12,20.8,58.6,151.7,293.4,365.5,345.1,248.7
ASSAM,CHIRANG(BONGAI,10,31.2,57.5,183.4,442,626.3,776.6,486.8
ASSAM,BAKSA BARPETA,10.3,26.9,54,175.7,391.5,694.3,757.3,527.3
ASSAM,BONGAIGAON,10,31.2,57.5,183.4,442,626.3,776.6,486.8
ASSAM,MORIGAON,18.7,24.4,51.6,116.8,169.1,310.1,374.8,309.2
ASSAM,NALBARI,14.9,18.6,56.7,184.6,380.7,551.2,470.9,322
MEGHALAYA,EAST KHASI HI,15.4,24.1,129.7,312.5,733.7,1476.2,1518.4,1019.4
MEGHALAYA,JAINTIA HILLS,33.8,44.1,115.1,282.3,598.8,1316.1,1591.3,933.8
MEGHALAYA,EAST GARO HIL,5.6,16,64,244.4,352.2,531.1,465.8,358.9
MEGHALAYA,RI-BHOI,16.2,15.1,55.8,117.1,273.3,340.5,425.6,400.2
MEGHALAYA,SOUTH GARO HI,6.8,10.7,48.7,180.9,350,492.6,476.4,385.2
MEGHALAYA,W KHASI HILL,19.7,31.1,61.3,160.5,352.3,651.5,1050.3,607.9
MEGHALAYA,WEST GARO HIL,6.8,10.7,48.7,180.9,350,492.6,476.4,385.2
MANIPUR,IMPHAL EAST,13.5,34.3,84.5,145.5,208.9,370.7,324,280.4
MANIPUR,SENAPATI,13.3,29.9,47.5,124.7,198.4,368.2,366.1,326.6
MANIPUR,TAMENGLONG,48.5,229.6,224.5,431.5,539.9,1158.7,1820.9,1522.1
MANIPUR,CHANDEL,8.5,27.9,36.3,77.9,179,609.9,540.3,490.9
MANIPUR,UKHRUL,14.5,36.1,56.9,76.6,122.2,348.3,296.8,243.3
MANIPUR,THOUBAL,15.3,26.2,43.1,96.2,140.1,333,181.7,212.1
MANIPUR,BISHNUPUR,54.5,50,112.4,108.1,159.3,435.6,310.4,368.9
MANIPUR,IMPHAL WEST,22.3,31,63.8,109.1,134.6,337.3,234.7,239.3
MANIPUR,CHURACHANDPUR,13,31.1,72.7,187.3,238,422.1,407.6,382.6
MIZORAM,AIZAWL,13.8,31.2,107.9,185.8,351.4,467.7,448.7,480.7
MIZORAM,CHAMPHAI,13.4,21.8,83,122.7,261.5,350.5,369.3,336.6
MIZORAM,KOLASIB,13.4,40,131.6,183.5,316.4,437.6,431.9,453.2
MIZORAM,LUNGLEI,5.5,21.8,88,119.3,310.3,459.4,514.6,481.7
MIZORAM,CHHIMTUIPUI,13.8,31.2,107.9,185.8,351.4,467.7,448.7,480.7
MIZORAM,LAWNGTLAI,8.3,27.5,66.7,122.9,319.8,437.2,493.9,408.8
MIZORAM,MAMIT,13.8,31.2,107.9,185.8,351.4,467.7,448.7,480.7
MIZORAM,SAIHA,6.7,31,69.7,116.7,335.4,384.8,437.9,412.2
MIZORAM,SERCHHIP,15.4,33.8,103.6,150.9,294.3,395.9,477.1,430.7
NAGALAND,KOHIMA,12.3,28.8,55.8,89.8,162,308.2,365.4,376.1
NAGALAND,TUENSANG,23.7,26.8,65.7,177.2,225.7,350.3,441.8,352.2
NAGALAND,MOKOKCHUNG,23.4,31.1,60.9,138.3,287.1,525.5,525.1,394.2
NAGALAND,DIMAPUR,14.7,4.1,57.2,77.8,151.8,204.8,187.7,272
NAGALAND,WOKHA,20.4,42.1,96.7,144.3,325.6,416.3,495.6,478.9
NAGALAND,MON,13.1,33.5,48.2,137.9,193.9,271.1,273.6,177.4
NAGALAND,ZUNHEBOTO,23.7,26.8,65.7,177.2,225.7,350.3,441.8,352.2
NAGALAND,PHEK,12.3,28.8,55.8,89.8,162,308.2,365.4,376.1
NAGALAND,KEPHRIE,23.7,26.8,65.7,177.2,225.7,350.3,441.8,352.2
NAGALAND,LONGLENG,23.7,26.8,65.7,177.2,225.7,350.3,441.8,352.2
NAGALAND,PEREN,12.3,28.8,55.8,89.8,162,308.2,365.4,376.1
TRIPURA,NORTH TRIPURA,13.6,37.2,118.4,272.8,440.1,477.5,402.7,367.7
TRIPURA,SOUTH TRIPURA,8.1,30.6,78.5,169.7,335,474.9,497.4,396.8
TRIPURA,WEST TRIPURA,9.6,27.9,72.1,194.2,359.9,426.6,395.9,323.2
TRIPURA,DHALAI,13.6,38.9,105.5,246.3,431.3,482.7,363.9,338.2
WEST BENGAL,COOCH BEHAR,8.9,16,32.2,138.9,345.4,668.8,864.9,733
WEST BENGAL,DARJEELING,48.3,33.8,57.7,130.5,262.3,534.7,756.9,645.9
WEST BENGAL,JALPAIGURI,9.2,17.8,39.7,119.3,339.3,667.3,931.4,670.9
WEST BENGAL,MALDA,13.6,10.5,14.5,34.8,106.2,216.6,332.9,284.8
WEST BENGAL,SOUTH DINAJPUR,8.9,13.3,19,58.9,167.8,289.3,368.9,248
WEST BENGAL,NORTH DINAJPUR,21.5,2,8,35.7,162.9,316,367,307.7
SIKKIM,NORTH SIKKIM,61.6,98.5,199.5,238.3,355.4,503,489.4,428.2
SIKKIM,EAST SIKKIM,33.5,56.1,61.7,175.5,291.7,464.6,509,441
SIKKIM,WEST SIKKIM,61.6,98.5,199.5,238.3,355.4,503,489.4,428.2
SIKKIM,SOUTH SIKKIM,33.5,56.1,61.7,175.5,291.7,464.6,509,441
WEST BENGAL,BANKURA,12,18,22,36.3,66.9,215,303.2,290.7
WEST BENGAL,BIRBHUM,13.4,16.1,21.2,30.9,78.7,222.3,313.9,298.8
WEST BENGAL,BURDWAN,10.7,22.2,19.8,37.8,78.8,198.2,294.1,285.3
WEST BENGAL,HOOGHLY,11.9,26.6,28.2,50.6,108.5,243.4,316.1,265.1
WEST BENGAL,HOWRAH,12.2,24.9,32,52.6,126.4,233.2,343.2,329.4
WEST BENGAL,PURULIA,14.3,20.7,24.6,36.1,57.3,222.1,298.7,307
WEST BENGAL,MURSHIDABAD,16.8,11.2,19,34,87,237.6,328.6,256.9
WEST BENGAL,NADIA,12.2,17.6,21.1,42.1,95.2,234.1,270.8,236
WEST BENGAL,NORTH 24 PARG,15.6,17.8,30.3,51.5,113.4,271.9,317.2,304.3
WEST BENGAL,SOUTH 24 PARG,13.6,26.7,37.9,41.7,125.1,316,463.6,416.2
WEST BENGAL,EAST MIDNAPOR,15.9,18.6,31.8,34.7,108.1,253.5,284.9,338.7
WEST BENGAL,WEST MIDNAPOR,12.2,24.1,39,56.8,107.6,243.8,329.5,316
WEST BENGAL,KOLKATA,14.4,24.7,33.5,53.1,113.4,278.3,361,335.2
ORISSA,BALASORE,11.9,36,38.4,59.2,120.9,259.1,287.2,334.4
ORISSA,BOLANGIR,11.1,15.9,20.1,22.7,37.5,200.5,386.2,366.9
ORISSA,KANDHAMAL/PHU,12.7,26.2,29.8,36.2,68.2,199.7,319.2,373.2
ORISSA,CUTTACK,14.7,26.9,28.9,43.2,74.3,227.2,338,352.3
ORISSA,DHENKANAL,7.3,20.8,31.3,38.4,71.2,226.1,315.8,369.1
ORISSA,GANJAM,13.3,22.7,30.3,41.5,85.3,158.8,219.2,245
ORISSA,KALAHANDI,4.8,15,15.3,25.6,44.2,237.5,368.5,371.8
ORISSA,KEONDJHARGARH,16.2,31.8,37,50.2,101.2,232.9,277.7,320.2
ORISSA,KORAPUT,5.2,12.3,16.3,53.2,89.4,200.8,384.1,410.5
ORISSA,MAYURBHANJ,11.2,25.4,47.9,61.4,110.2,279.7,323.9,373.8
ORISSA,PURI,16.1,25.8,18.9,17.6,65.3,168.9,268.5,328.4
ORISSA,SAMBALPUR,12.1,19.9,20.1,15.6,32.4,226.6,418.3,464.6
ORISSA,SUNDARGARH,19.3,16.3,18,14.4,39.6,216.9,368.3,373.2
ORISSA,BHADRAK,9.9,34.1,37.6,53.1,103.9,218.4,269.8,354
ORISSA,JAJPUR,10.6,28.4,33.5,48,91.9,250,283.5,363.2
ORISSA,KENDRAPARA,8.4,32.6,37.2,27.8,90.5,205.8,257.4,362.6
ORISSA,ANGUL,6.9,19.1,25.1,29.7,55.4,205.8,320.2,355.4
ORISSA,NAWAPARA,12.5,11.8,16.9,24,33.9,182.9,347.3,302.1
ORISSA,MALKANGIRI,1.8,5.5,10.4,35.3,61.6,206.9,437.3,449.2
ORISSA,NAWARANGPUR,5.9,12.6,14.4,53.9,104.1,241.6,430.9,432.1
ORISSA,NAYAGARH,13.6,22.5,26.2,42,47.7,213.4,312.2,327.4
ORISSA,KHURDA,10.1,25.9,26.9,30.9,68,186.4,310.8,339.3
ORISSA,BARGARH,8.7,14.9,18.1,14.8,19.5,188.4,362.1,357.4
ORISSA,JHARSUGUDA,16.6,21.2,18.6,18.4,36.6,224.6,402.3,415.8
ORISSA,DEOGARH,12.1,19.9,20.1,15.6,32.4,226.6,418.3,464.6
ORISSA,RAYAGADA,12.4,23.1,38.5,56,94,173.2,314.6,266.5
ORISSA,GAJAPATI,9.5,35,64.2,79.1,136.8,201.7,241,261.1
ORISSA,JAGATSINGHAPU,10.7,29,35.3,41.3,107.1,237.2,287.3,360.6
ORISSA,BOUDHGARH,12.7,26.2,29.8,36.2,68.2,199.7,319.2,373.2
ORISSA,SONEPUR,6,14.3,18.5,14.3,30.4,178.2,380.4,432.5
JHARKHAND,BOKARO,11.8,13.7,18.3,19,38.2,188.6,308.1,300.8
JHARKHAND,DHANBAD,12,17.4,19.5,18.2,49.6,200.9,340.3,310
JHARKHAND,DUMKA,15.4,14.5,17.2,26.1,69,203,327.2,304.3
JHARKHAND,HAZARIBAG,14.1,15.3,14.8,11.7,35.5,176.9,317.5,289.6
JHARKHAND,PALAMU,17.3,12.8,10.8,7.1,15.1,140.3,306.7,298.9
JHARKHAND,RANCHI,21.9,26.8,21.7,23.6,48.3,217.4,357.1,344.1
JHARKHAND,SAHIBGANJ,13.1,6.1,12.6,22,85.2,258.3,399.7,307.6
JHARKHAND,WEST SINGHBHUM,12.9,21.8,23.1,23.9,56.7,208,315.1,342.6
JHARKHAND,DEOGHAR,13.4,12.1,9.6,13.5,48,172.3,293.4,266.9
JHARKHAND,GIRIDIH,11.5,9.9,13.7,18,40.6,206.5,342.9,275.8
JHARKHAND,GODDA,11.5,9.9,10.9,20.7,54.4,170.7,294.5,253
JHARKHAND,GUMLA,22.2,20.4,19.1,25.5,47.1,229,372.7,343.2
JHARKHAND,LOHARDAGA,14.1,20.9,20.7,18.3,38.9,186.5,298.2,289.8
JHARKHAND,CHATRA,19.4,18.5,11.2,5.8,17.8,157.7,336.5,303
JHARKHAND,KODERMA,21,12.1,13,10,28.5,172.7,270.9,268
JHARKHAND,PAKUR,14.6,12.8,15.2,34.2,86.1,228.5,377.5,339.2
JHARKHAND,EAST SINGHBHU,14.7,18.4,20.7,31.9,63.3,225.5,293.7,312.7
JHARKHAND,GARHWA,16,9.6,10.6,6.8,10.5,120.9,288.1,292.8
JHARKHAND,SERAIKELA-KHA,18,21.1,21.8,24.3,51.4,240.7,322.5,321.9
JHARKHAND,JAMTARA,14.4,20.7,18.5,16.3,66.4,209.4,346.2,342.3
JHARKHAND,LATEHAR,16.6,18.6,20.4,9,22.7,168.6,340.7,288.5
JHARKHAND,SIMDEGA,19.1,18.9,15.5,23.9,35,237.8,459.4,404.7
JHARKHAND,KHUNTI(RANCHI,22.6,24.4,24.2,17.4,45.4,243.3,379.8,360.5
JHARKHAND,RAMGARH,12.5,15,13.3,20.7,47.3,207.1,323.8,287.4
BIHAR,BHAGALPUR,17.7,10.5,10.2,23.2,65.5,197.8,291,261
BIHAR,EAST CHAMPARAN,12.7,9.7,7.8,13.2,49.1,163.5,354.5,297.4
BIHAR,DARBHANGA,16,9.5,12.3,21.3,59.9,156.7,296.5,285.1
BIHAR,GAYA,14.6,10.9,8.7,6.1,18,128.2,298.1,271.9
BIHAR,MUNGER,12.9,7,10,14.3,44.9,165.5,305.7,271.1
BIHAR,MUZAFFARPUR,13.4,8.9,7.3,13.3,54,161,326.1,291.7
BIHAR,WEST CHAMPARAN,18.6,10.8,12.8,18.3,56.3,229.3,447,349.3
BIHAR,PURNEA,9.1,9,12.9,33.7,121.6,244.8,434.2,338.6
BIHAR,GOPALGANJ,14.9,10.5,7,12.5,31.6,155.4,309.8,304.3
BIHAR,MADHUBANI,11.1,9.5,9.3,30.8,79.3,185.2,375.5,307.1
BIHAR,AURANGABAD,18.1,11.2,7.8,5.7,14.4,122.1,290,253.9
BIHAR,BEGUSARAI,8.1,8.4,13.2,17.3,48.9,154.3,296.8,255.3
BIHAR,BHOJPUR,12.5,13.4,6.9,10.3,24.9,108.7,334.6,277.6
BIHAR,NALANDA,11.8,9,9.1,6.1,27.9,127.6,283.6,263.3
BIHAR,PATNA,13,9.4,9.6,8.1,26.4,125.4,333.7,264.5
BIHAR,KATIHAR,12.3,7.4,9.2,24.6,96,212.2,358.9,269.8
BIHAR,KHAGARIA,9.5,4.2,7.7,15.4,46.3,184,311,297.7
BIHAR,SARAN,16.3,9.4,8.5,9.3,35.6,133.2,334.1,291.8
BIHAR,MADHEPURA,12,9.4,12.3,29.6,84.5,212.8,377.3,304.3
BIHAR,NAWADA,13,9.5,9.6,5.6,34.1,135.2,301.8,276
BIHAR,ROHTAS,13,12.8,9.1,5.9,13.9,90,275.2,278.4
BIHAR,SAMASTIPUR,15,8.2,10.9,15.2,42.7,176.6,315.1,289.1
BIHAR,SITAMARHI,9.7,8.5,9.9,25.6,71.5,200.6,396.6,307.5
BIHAR,SIWAN,15.1,12.6,9.7,9.6,27.5,137.4,339.1,287.7
BIHAR,VAISHALI,15.3,8.4,7.2,14.6,26.8,137.6,375,285.3
BIHAR,JAHANABAD,12.8,7.6,7,13.1,23.1,112.5,255.6,255.8
BIHAR,BUXAR,14.1,6.7,6.8,3.7,17.6,110.9,287.1,263
BIHAR,ARARIA,13.8,8,15.4,36.8,114.5,271.7,444.6,352.4
BIHAR,BANKA,10.1,9.3,11.7,15.7,45.9,138.2,271.1,241.7
BIHAR,BHABUA,26.4,16.4,10,5.5,18.6,131,311.7,299.4
BIHAR,JAMUI,10.1,8.2,9,9.4,35.1,163.4,311.9,253.3
BIHAR,KISHANGANJ,10.2,8.2,17.5,51.7,155.7,368.1,579.1,463.5
BIHAR,SHEIKHPURA,13.7,8.2,8.2,9.7,33.5,144.2,291.6,240.3
BIHAR,SUPAUL,7.6,8.7,12.7,23,83.3,200.3,375.1,270.2
BIHAR,LAKHISARAI,12.9,7,10,14.3,44.9,165.5,305.7,271.1
BIHAR,SHEOHAR,9.7,8.5,9.9,25.6,71.5,200.6,396.6,307.5
BIHAR,ARWAL,15.9,6.8,5.2,3.2,11.2,112.8,245.4,249.6
BIHAR,SAHARSA,6.1,10.9,12.8,39.6,107.1,249.4,515.1,352.8
UTTAR PRADESH,ALLAHABAD,17.5,10,7.6,3.6,6.6,82.1,265.5,278.8
UTTAR PRADESH,AZAMGARH,12.6,10.2,8.8,6.1,15.5,95.4,334.3,291.4
UTTAR PRADESH,BAHRAICH,20.8,16,12.5,9,32.9,154.4,336.8,297.2
UTTAR PRADESH,BALLIA,10.7,8.5,6.7,5.3,20.2,110.9,292.6,260.1
UTTAR PRADESH,BANDA,17.6,11.6,6.3,4.5,12.1,92.1,261,316.4
UTTAR PRADESH,BARABANKI,16.9,14.4,8.1,5.8,17.8,112.1,309.7,284.4
UTTAR PRADESH,BASTI,15.4,10.4,10.9,5.5,20.7,129.4,324.5,289.3
UTTAR PRADESH,DEORIA,13.7,17.8,9.2,8.7,24,133.3,316.6,299.9
UTTAR PRADESH,FAIZABAD,18.7,12.4,7.2,4.5,18.8,123,346.6,309.6
UTTAR PRADESH,FARRUKHABAD,15.1,11.1,8,5,12.8,73.5,246,282.3
UTTAR PRADESH,FATEHPUR,18.3,11.7,7.2,4.7,8.6,82.2,261.5,286
UTTAR PRADESH,GHAZIPUR,15.7,9.4,8,4.7,13.9,98.8,266.7,305.7
UTTAR PRADESH,GONDA,16.9,9.4,8.3,6.3,22.3,145,335.4,316.6
UTTAR PRADESH,GORAKHPUR,18.9,10.9,10.9,11.5,27.2,166.9,372.4,384.2
UTTAR PRADESH,HARDOI,18.2,13.1,9.5,5.8,16.9,87.3,264.5,268.5
UTTAR PRADESH,JAUNPUR,15.2,10.4,6.9,4.6,11.8,91.2,304.7,255.8
UTTAR PRADESH,KANPUR NAGAR,16.8,11.9,6,2.6,7.7,62.2,226.4,263.9
UTTAR PRADESH,KHERI LAKHIMP,21.4,16.2,11.8,6.5,29.1,131.4,297.2,303.3
UTTAR PRADESH,LUCKNOW,18.1,12.3,7.3,4.1,12.2,85.9,254.6,262.2
UTTAR PRADESH,MIRZAPUR,18,12.6,10,3.8,10.3,91,288.3,290.4
UTTAR PRADESH,PRATAPGARH,15.2,9.9,8.1,2,9,81.9,288.7,284.1
UTTAR PRADESH,RAE BARELI,14,9.3,5.8,3,7.6,68.7,257.7,255.9
UTTAR PRADESH,SITAPUR,18.5,12.1,11.8,5.4,18.4,113.6,272.6,278
UTTAR PRADESH,SULTANPUR,13.2,8.7,6.3,4.7,16.9,82.5,303.2,273.2
UTTAR PRADESH,UNNAO,14.9,15.1,7.4,3.4,10.5,82.9,249.3,286.4
UTTAR PRADESH,VARANASI,18.4,14.5,9.5,4.7,11.8,93.9,311.6,281.4
UTTAR PRADESH,SONBHADRA,18.1,13.9,10.3,6.3,11.9,126.7,286.4,292.8
UTTAR PRADESH,MAHARAJGANJ,17.6,9.8,12.9,15.7,36.2,187.5,421.3,371.9
UTTAR PRADESH,MAU,15.8,9,9,5.7,19.2,117.7,336.9,323.5
UTTAR PRADESH,SIDDHARTH NGR,15.5,10.4,9.3,6,21.8,139.7,357.8,314.7
UTTAR PRADESH,KUSHINAGAR,15.3,10.1,10.9,12.7,36.1,182.6,369.4,365.6
UTTAR PRADESH,AMBEDKAR NAGAR,14.8,11,8.5,6.2,17.9,102.2,317.8,282.4
UTTAR PRADESH,KANNAUJ,15.5,11.5,9,3.7,16.2,58.9,244.5,311.4
UTTAR PRADESH,BALRAMPUR,18.8,16.9,8.2,9.3,38.6,141.4,385.4,329.9
UTTAR PRADESH,KAUSHAMBI,15.5,11.7,8.1,3.4,7.4,72.6,258.8,268
UTTAR PRADESH,SAHUJI MAHARA,17.3,12,8.6,3.5,8.1,88,275.3,315.5
UTTAR PRADESH,KANPUR DEHAT,13.5,11.4,5.5,2.7,6.3,70.7,237,289.6
UTTAR PRADESH,CHANDAULI,18.5,12.1,11.6,5.3,10.3,79,302.3,283.8
UTTAR PRADESH,SANT KABIR NGR,11.8,13.1,10.5,5.1,20.8,139.8,356.7,300.5
UTTAR PRADESH,SANT RAVIDAS,18.5,12.1,11.6,5.3,10.3,79,302.3,283.8
UTTAR PRADESH,SHRAVASTI NGR,20.8,16,12.5,9,32.9,154.4,336.8,297.2
UTTAR PRADESH,AGRA,17.5,9.9,8.9,4,9.3,53.8,227.1,280.9
UTTAR PRADESH,ALIGARH,19.5,12.6,9.4,5.6,18.4,47.4,213.1,261.9
UTTAR PRADESH,BAREILLY,20.3,18.9,12.6,5.6,18.7,96.6,294.7,296.7
UTTAR PRADESH,BIJNOR,34.2,25,24.1,8.2,19.1,92,342.4,321
UTTAR PRADESH,BADAUN,13.4,16.1,11.7,3.7,14.5,69.4,252.4,292.7
UTTAR PRADESH,BULANDSHAHAR,16.2,13.2,13.1,3.9,14,53.4,224.5,254.4
UTTAR PRADESH,ETAH,13,12,9.9,4.4,11.6,52.1,201.5,243.1
UTTAR PRADESH,ETAWAH,13.9,11.7,8.9,2.8,10.5,60.9,222,293.4
UTTAR PRADESH,HAMIRPUR,16.1,11.5,5.3,2.1,6.7,76.3,246.6,309.8
UTTAR PRADESH,JALAUN,13.5,11.2,5.7,2,8.1,65.7,239.5,310.8
UTTAR PRADESH,JHANSI,14.1,10.5,5.3,4.7,8.7,79,271.8,309.9
UTTAR PRADESH,LALITPUR,21,9.4,6.5,3.4,6.8,86.2,321.7,358.1
UTTAR PRADESH,MAINPURI,11.8,9.5,8.1,3.8,9.9,61.3,211.5,245.9
UTTAR PRADESH,MATHURA,9.3,11.2,9.5,4.5,9.5,41.3,194.7,241.6
UTTAR PRADESH,MEERUT,23.2,18.3,16,9.4,14.4,62,267,300.7
UTTAR PRADESH,MORADABAD,22.5,21.8,13,4.7,15.8,91,292.7,314.8
UTTAR PRADESH,MUZAFFARNAGAR,25,19.6,14.4,5.9,14.3,64.7,265.2,269.7
UTTAR PRADESH,PILIBHIT,20.9,16.9,14.3,5.8,23,112.7,326.5,343.5
UTTAR PRADESH,RAMPUR,21.7,22.5,19.2,7.4,22.2,107,331.5,321.2
UTTAR PRADESH,SAHARANPUR,26.9,26.5,21.3,5.7,21.2,94.6,277,301.6
UTTAR PRADESH,SHAHJAHANPUR,16.9,17.5,13,4.8,20.2,96.2,290.4,307.3
UTTAR PRADESH,GHAZIABAD,19.6,18.3,18,6.1,12.5,44.6,213.5,255.6
UTTAR PRADESH,FIROZABAD,13.3,10.9,7.5,3.8,10.3,59.5,216.9,258.1
UTTAR PRADESH,MAHOBA,17.4,10.6,4.8,1.2,7.4,66.2,243.1,314.3
UTTAR PRADESH,MAHAMAYA NAGA,11.5,10.4,10.4,4,10.7,47.8,213.8,244.6
UTTAR PRADESH,AURAIYA,13.5,16.5,7.7,3.2,10.8,59.8,226.9,268.3
UTTAR PRADESH,BAGPAT,17.3,16.3,12.7,7.4,13.6,42.8,194,220.3
UTTAR PRADESH,JYOTIBA PHULE,22.8,15.7,15.9,4.4,13.9,59.7,279.3,298.5
UTTAR PRADESH,GAUTAM BUDDHA,19.2,9.3,12.4,5,6,36.9,181.7,228.6
UTTAR PRADESH,KANSHIRAM NAG,16.5,9.5,11.4,4.4,13.2,52,224.7,274.6
UTTARANCHAL,ALMORA,46.2,46.8,47.4,25.5,46.7,132.3,299.9,276.9
UTTARANCHAL,CHAMOLI,57.5,77.7,81.9,42.9,69.4,108.7,289.6,329.2
UTTARANCHAL,DEHRADUN,51.7,49.3,49.8,24.2,50.8,185.2,683.3,673.9
UTTARANCHAL,GARHWAL PAURI,43.1,33.2,35.5,19.4,38.3,123.5,452.5,443.7
UTTARANCHAL,NAINITAL,46,41,37.7,20.9,54.4,205,514,458.3
UTTARANCHAL,PITHORAGARH,50.3,57.4,65.6,46.2,93.5,299.6,555.8,538.9
UTTARANCHAL,GARHWAL TEHRI,54.6,52.2,56.3,31.7,55.9,136.2,371.5,366.7
UTTARANCHAL,UTTARKASHI,70.9,72.8,84.9,48.5,102.1,147.6,380.6,405.2
UTTARANCHAL,HARIDWAR,33,35.9,30.4,12.2,21.8,105.7,332.4,367
UTTARANCHAL,CHAMPAWAT,43.5,39.3,33.7,26.9,52.5,213.1,465.9,406.3
UTTARANCHAL,RUDRAPRAYAG,75.6,73.3,85.4,54.7,94.1,217.7,578,639.4
UTTARANCHAL,UDHAM SINGH N,30,19,15.7,9,32.9,147.4,402.9,365.8
UTTARANCHAL,BAGESHWAR,46.2,46.8,47.4,25.5,46.7,132.3,299.9,276.9
HARYANA,AMBALA,38.9,31.6,25.3,7.7,20.5,105.2,307.8,326
HARYANA,GURGAON,10.2,11.7,7,6.4,13.9,38,169,185.2
HARYANA,HISAR,11,12.2,9.7,7.4,14.5,35.1,118.8,113.8
HARYANA,JIND,16.4,18.7,12.4,5.4,14.9,40.7,142.3,147
HARYANA,KARNAL,30.3,21.4,19.4,8.9,13.1,60.3,197.8,224.3
HARYANA,MAHENDRAGARH,11.8,10.9,9.4,5.3,18.9,43.5,154.3,144.4
HARYANA,ROHTAK,19.3,16.8,17.7,9.3,19.8,49.5,194.1,195.8
HARYANA,BHIWANI,14.6,10.4,8.1,5.5,11.2,32.3,128.2,132
HARYANA,FARIDABAD,16.5,12.3,10.4,10.7,16.1,42.2,201.6,234.7
HARYANA,KURUKSHETRA,28.7,19.4,21.5,9.8,10.2,66.3,202.3,203.3
HARYANA,SIRSA,11,11.6,10.1,5.5,12.1,23,99.8,81.7
HARYANA,SONEPAT(RTK),19.4,15.6,14.4,9.6,16.7,46.2,194.4,208.5
HARYANA,YAMUNANAGAR,42.5,34.9,31.9,15.1,26.4,117.8,304.4,325.4
HARYANA,KAITHAL,17.7,15.2,12.5,5.6,8.5,42.2,128.3,140.1
HARYANA,PANIPAT,20.6,15.8,12.6,9.5,9.9,55.1,176.2,203.9
HARYANA,REWARI,9.1,8.7,5.2,3,9.9,33.1,150.1,183.5
HARYANA,FATEHABAD,16.7,11,11.2,6.8,14.9,31.3,104.3,95.9
HARYANA,JHAJJAR,12.4,12.5,9.7,7.5,10.6,34.4,159.3,151.2
HARYANA,PANCHKULA,43.6,37.4,27.8,11.5,27.9,105.6,327,346.6
HARYANA,MEWAT,9.4,9.6,6.3,5.2,9.8,41.3,167.2,194
HARYANA,PALWAL(FRD),9.1,7.9,5.9,4.3,7.7,28.1,160.4,171.8
CHANDIGARH,CHANDIGARH,44.3,38.9,33.2,14.8,30.1,120,282.4,287.5
DELHI,NEW DELHI,16.4,16.3,15.3,8.9,19.3,59.8,220.7,245.5
DELHI,CENTRAL DELHI,16.4,16.3,15.3,8.9,19.3,59.8,220.7,245.5
DELHI,EAST DELHI,16.4,16.3,15.3,8.9,19.3,59.8,220.7,245.5
DELHI,NORTH DELHI,16.4,16.3,15.3,8.9,19.3,59.8,220.7,245.5
DELHI,NE DELHI,16.4,16.3,15.3,8.9,19.3,59.8,220.7,245.5
DELHI,SW DELHI,16.4,16.3,15.3,8.9,19.3,59.8,220.7,245.5
DELHI,NW DELHI,16.4,16.3,15.3,8.9,19.3,59.8,220.7,245.5
DELHI,SOUTH DELHI,16.4,16.3,15.3,8.9,19.3,59.8,220.7,245.5
DELHI,WEST DELHI,16.4,16.3,15.3,8.9,19.3,59.8,220.7,245.5
PUNJAB,AMRITSAR,30.4,29,35.4,20.9,17.1,43.1,211.4,194.1
PUNJAB,BATHINDA,11.5,17.4,13,8,9.7,33.5,109.6,115.4
PUNJAB,FEROZEPUR,15.7,14.5,21.3,9.3,15.4,31.3,128.4,124.7
PUNJAB,GURDASPUR,60,49.9,53.8,25.7,21.3,57.1,324.6,319.9
PUNJAB,HOSHIARPUR,38.4,39.8,39.8,16,20.4,74.9,275.7,241.5
PUNJAB,JALANDHAR,28.6,28.6,30.7,13.7,20.2,48.5,203.9,188.1
PUNJAB,KAPURTHALA,27.6,21,25.8,9.5,14.1,37.1,166.3,136.5
PUNJAB,LUDHIANA,24.3,26.1,26.5,12.1,16.6,51.2,203,178.3
PUNJAB,PATIALA,26.7,24.7,20.9,9.3,15.3,54.9,235.9,208.5
PUNJAB,RUPNAGAR,41.6,38.9,51.2,14.7,25.6,65.4,291,252.9
PUNJAB,SANGRUR,18.3,19.3,15.9,10.4,18.7,44.8,160.5,145.8
PUNJAB,FARIDKOT,16.1,14.3,17,8.1,13.9,36,120,103.8
PUNJAB,MOGA,21.3,13.4,15,9.7,15.7,33.7,123,133.5
PUNJAB,NAWANSHAHR,38.8,39.9,38.6,15.9,19.2,85.3,309.6,254.9
PUNJAB,FATEHGARH SAH,24.9,21.8,22.6,10,13.7,45.6,220.6,174.6
PUNJAB,MUKTSAR,16.7,12.7,18.2,7,10.9,31.2,113,107.5
PUNJAB,MANSA,12.3,18.4,11.3,7.2,8.9,30.3,110.9,122.8
PUNJAB,BARNALA,14.7,16.9,10,11.5,9.6,30.3,129.4,117.5
PUNJAB,SAS NAGAR(MGA),33.4,24.7,29.5,13.8,24.6,68.8,241.8,216.6
PUNJAB,TARN TARAN,18,18.3,21.5,10.4,12.4,23.5,133.6,111.4
HIMACHAL,BILASPUR,62.5,66.8,54,26.1,41.1,107.4,311.8,304.2
HIMACHAL,CHAMBA,126.2,112.8,120.3,51.2,53.4,132.4,567.3,479.2
HIMACHAL,KANGRA,83,80.2,84.9,39.9,45.1,145.6,583.2,619.4
HIMACHAL,KINNAUR,102.1,107.8,113.9,77.4,69.4,37.1,75,81.3
HIMACHAL,KULLU,86.9,97,135.2,79.5,72.1,82.4,184.8,165.9
HIMACHAL,LAHUL & SPITI,132.8,137.1,176.6,108.9,91.7,52.4,164.5,139.9
HIMACHAL,MANDI,71.1,67.5,81.7,48.3,64.3,160.1,411.2,370.1
HIMACHAL,HAMIRPUR,73,61.4,59.1,27.1,42.7,143.3,384.8,391.2
HIMACHAL,SHIMLA,69.1,70.3,80,48.3,65,104.7,226.9,189
HIMACHAL,SIRMAUR,58.4,53.3,42.4,20.4,31.9,140.9,508,485.6
HIMACHAL,SOLAN,71.7,66.1,62.6,27.9,48.8,130.3,368.4,331.8
HIMACHAL,UNA,46.3,45.1,40.9,17.2,26.8,67.6,340,310.3
JAMMU AND KASHMIR,ANANTNAG,83.2,100.7,152.7,113.4,101.1,65.2,87.4,82.1
JAMMU AND KASHMIR,BARAMULLA,116.1,157,189.6,145.9,111.4,60.5,71.2,70
JAMMU AND KASHMIR,DODA,119.4,161.8,213.5,127.5,100.4,72.6,146.4,125.8
JAMMU AND KASHMIR,JAMMU,56.3,66.6,68.9,37.2,39.9,63.9,366.6,323.6
JAMMU AND KASHMIR,KATHUA,85.7,59,45.4,20,12.5,62.5,387.8,404.2
JAMMU AND KASHMIR,LADAKH (LEH),8.1,7.3,8.8,8,8,3.8,13.1,14.1
JAMMU AND KASHMIR,UDHAMPUR,108.5,120.3,134.8,64.3,41.1,91.5,514.7,551.1
JAMMU AND KASHMIR,BADGAM,56.6,65.9,106.8,88.1,79.3,35.3,55.5,55.1
JAMMU AND KASHMIR,KUPWARA,87.1,126.3,240.6,154.8,99.6,59,88,74.7
JAMMU AND KASHMIR,PULWAMA,42.5,48.2,77.2,72.4,57.9,25.5,42.5,47.4
JAMMU AND KASHMIR,SRINAGAR,56.7,68.8,104,86.8,68,37.4,55.6,60.9
JAMMU AND KASHMIR,KARGIL,25.6,25.6,25.1,19.7,22,5.5,11.6,24
JAMMU AND KASHMIR,POONCH,138.9,124.2,158.5,99,69.6,116.6,344.2,191.5
JAMMU AND KASHMIR,RAJOURI,59.3,66.7,60.6,23.6,27.5,46.4,249,253.8
JAMMU AND KASHMIR,BANDIPORE,68.7,93.3,119.6,89.4,63.5,30.8,46.1,57.8
JAMMU AND KASHMIR,GANDERWAL,56.7,68.8,104,86.8,68,37.4,55.6,60.9
JAMMU AND KASHMIR,KULGAM/(ANT),75.9,70.6,131.9,130.6,107.1,41.6,79.9,78.8
JAMMU AND KASHMIR,SHOPAN,48.5,72.9,119.1,121.3,90.8,42.7,85.1,91.9
JAMMU AND KASHMIR,SAMBA,56.3,66.6,68.9,37.2,39.9,63.9,366.6,323.6
JAMMU AND KASHMIR,KISTWAR,119.4,161.8,213.5,127.5,100.4,72.6,146.4,125.8
JAMMU AND KASHMIR,REASI,101.5,93,84.6,43.5,40,83.2,440.5,556.9
JAMMU AND KASHMIR,RAMBAN(DDA),144.5,190.8,211.6,112.9,85,61.4,132.2,120.2
RAJASTHAN,BARMER,1.2,1.7,2.3,3.2,9.1,27.4,88.6,86.7
RAJASTHAN,BIKANER,4.1,7.8,5.7,4.1,14.3,29.2,85.7,74.6
RAJASTHAN,CHURU,6.2,7.4,6.3,4.9,16.4,37.7,126.6,101.7
RAJASTHAN,SRI GANGANAGA,6,8,9.3,7,11.6,25.5,79.3,64.9
RAJASTHAN,JAISALMER,1.7,2.9,2.2,3.8,6.6,19.4,59.3,56.9
RAJASTHAN,JALORE,1.8,1.1,2.6,1.4,8.2,34.5,161.1,132.2
RAJASTHAN,JODHPUR,2.9,3.1,2.7,5.2,11.1,27.9,109.5,94.6
RAJASTHAN,NAGAUR,4.1,5.5,2.7,4.7,15.3,42.5,142.6,116
RAJASTHAN,PALI,3.7,2.5,2.9,2.7,9.5,41.9,177.3,152.9
RAJASTHAN,HANUMANGARH,7.5,8.6,5.7,4.9,13,32.2,103.4,83.4
RAJASTHAN,AJMER,3.7,2,2.1,2.2,8.9,43.6,171,155
RAJASTHAN,ALWAR,9.6,10.2,5.6,5.5,15.8,44.2,196.9,213.3
RAJASTHAN,BANSWARA,2.8,0.5,1.6,0.9,5.2,97.7,284.3,302.5
RAJASTHAN,BHARATPUR,9.3,8.9,5.3,3.8,11.2,40.4,184.7,229.8
RAJASTHAN,BHILWARA,4.8,3.8,3.9,3,10.4,60,213.6,217.7
RAJASTHAN,BUNDI,5.6,3.3,3.3,2.3,6.6,62.2,256.6,235.8
RAJASTHAN,CHITTORGARH,4.3,1.5,2.7,3.3,10.1,71.5,249.9,269.9
RAJASTHAN,DUNGARPUR,1.7,0.6,1.8,1.2,4.6,77.1,228.5,221.9
RAJASTHAN,JAIPUR,6.7,7.5,2.4,3.9,15,52.1,206.9,192.5
RAJASTHAN,JHALAWAR,6.8,2.3,3.4,1.4,7,84.1,285.8,335.8
RAJASTHAN,JHUNJHUNU,7.7,9.1,6.3,5,20.7,52.9,153.1,144
RAJASTHAN,KOTA,6.8,3.2,3.2,2.5,6.9,69.8,275.2,276.8
RAJASTHAN,SAWAI MADHOPUR,7.3,6.4,2.9,2.9,9.8,53.9,253.4,264.5
RAJASTHAN,SIKAR,7.2,8.3,4.2,4.7,19.1,48.2,167.1,134
RAJASTHAN,SIROHI,4.1,1.5,3.2,2.7,10.1,72.2,332,313
RAJASTHAN,TONK,5,5.3,2.7,3,10.1,56.1,219.7,210.5
RAJASTHAN,UDAIPUR,2.8,2,4.3,2.2,8.2,73.6,207.5,203.7
RAJASTHAN,DHOLPUR,8.6,9.5,7,2.5,8.6,54.5,211.7,266.1
RAJASTHAN,BARAN,7.1,3.2,2.8,1.7,6.5,73.3,295.3,303.6
RAJASTHAN,DAUSA,8.7,7,4.2,4.1,12.8,52.4,237,228.2
RAJASTHAN,RAJSAMAND,4,2.2,3.7,2.6,12.3,68.1,176.8,177.6
RAJASTHAN,KARAULI,9.1,7.7,3.5,2.4,9.9,50.8,220.5,269.8
RAJASTHAN,PRATAPGARH(CHT,3.6,1.2,3.4,3.3,5.8,108.3,283.3,290.4
MADHYA PRADESH,BETUL,7.5,8.5,9.3,5.9,6.4,137,290.6,293.4
MADHYA PRADESH,VIDISHA,14,8.2,5.1,1.4,4.4,110.3,356.2,376
MADHYA PRADESH,BHIND,10.4,7.1,4.2,1.3,4.6,55.6,221.5,261.4
MADHYA PRADESH,DATIA,9.1,8.5,5,3.4,6.6,62.2,246,293
MADHYA PRADESH,DEWAS,7.5,4,3.8,1.3,6.2,127.9,311.6,330.7
MADHYA PRADESH,DHAR,3.3,1,1.4,0.8,4.1,126.4,266.3,261.5
MADHYA PRADESH,GUNA,12.1,7.1,6.3,2.7,8.6,87.3,336.6,356
MADHYA PRADESH,GWALIOR,14.5,8.6,5.5,3.7,8.2,71.8,258,289.7
MADHYA PRADESH,HOSHANGABAD,11.8,8.3,9.1,3.2,8.1,140.3,416.6,464.4
MADHYA PRADESH,INDORE,5.9,2.3,1.8,1.2,8.3,120.4,270.9,266.9
MADHYA PRADESH,JHABUA,2.6,0.3,0.9,0.9,7.8,108.2,240.6,248.3
MADHYA PRADESH,MANDSAUR,4.9,1.8,3.8,3.9,3.6,81.7,276.7,276.9
MADHYA PRADESH,MORENA,11.7,7.5,5.3,2.6,6.5,52.7,236,284.1
MADHYA PRADESH,KHANDWA,7.3,4.1,5.8,2,9.7,125.3,268.1,279
MADHYA PRADESH,KHARGONE,5,2.8,2.1,1.4,7.1,131.5,229.2,237.3
MADHYA PRADESH,RAISEN,10.2,9.4,6.4,1.8,6.4,128.9,373.1,405.9
MADHYA PRADESH,RAJGARH,10.1,3.9,4.8,1.4,5.6,94.6,301.5,339.5
MADHYA PRADESH,RATLAM,4.7,1.9,2.1,2,5.1,103.9,295.4,299.2
MADHYA PRADESH,SEHORE,9,6.8,4.2,1.2,7,125.1,349.6,391.5
MADHYA PRADESH,SHAJAPUR,10.2,3.3,3.7,1.8,6.9,95.6,299,316.3
MADHYA PRADESH,SHIVPURI,13,6.8,3.6,2.3,6.9,70.5,276.1,280
MADHYA PRADESH,UJJAIN,6.4,2.1,2,0.8,5.4,104.7,276.6,291.6
MADHYA PRADESH,BHOPAL,11.8,7,6.5,2.5,9.7,111.8,338.5,355.9
MADHYA PRADESH,HARDA,9,6.2,3.1,0.9,6.4,110.3,340.6,379.8
MADHYA PRADESH,NEEMUCH,4.5,2.8,3.7,2.3,6.1,85.2,264.5,258.8
MADHYA PRADESH,SHEOPUR,9.8,3.3,4.3,2.2,6.8,69.1,271.8,278.2
MADHYA PRADESH,BARWANI,2.9,0.8,1.9,0.9,7.2,105.6,198,194.6
MADHYA PRADESH,ASHOKNAGAR(GNA,7.2,6.5,3,0.7,1.8,71.2,315.6,314
MADHYA PRADESH,BURHANPUR,4.2,2.9,6.7,2.1,16.2,158.9,223.9,251.8
MADHYA PRADESH,ALIRAJPUR(JBA),3.9,2.2,1.7,1.7,8.3,113.9,270.8,257
MADHYA PRADESH,BALAGHAT,20.9,15.3,15.1,7.1,6.7,184.5,475.3,451.9
MADHYA PRADESH,CHHATARPUR,17.6,12.6,6,3.1,5.3,95,317.3,369.6
MADHYA PRADESH,CHHINDWARA,17.5,14.7,17.3,8,8.8,146.8,283.6,278
MADHYA PRADESH,JABALPUR,18.2,11.4,11.4,3.7,7.6,124.6,355.1,411.1
MADHYA PRADESH,MANDLA,24.7,22.6,22.8,9.6,7.5,157.4,432.2,442.5
MADHYA PRADESH,NARSINGHPUR,10.8,10.6,5.8,2,6,113.1,353.7,383
MADHYA PRADESH,PANNA,22.5,14.8,8.7,2.5,4.1,111.8,358.7,391.4
MADHYA PRADESH,REWA,18,13.9,10.4,3,4.7,121.4,307,326.7
MADHYA PRADESH,SAGAR,17.8,12.2,10,2.3,6.9,127.7,352.6,410
MADHYA PRADESH,SATNA,23.1,15.7,9.5,3.8,4.6,120.7,305.7,333
MADHYA PRADESH,SEONI,18.4,18.7,22.7,9.6,9.8,163.6,357.9,324.1
MADHYA PRADESH,SHAHDOL,23.5,19.1,13.1,5,7.7,122.6,313.8,364.2
MADHYA PRADESH,SIDHI,20.7,14.7,11.6,3.4,9.4,129.1,323.3,332.6
MADHYA PRADESH,TIKAMGARH,20.1,7.1,4.5,1.8,4.9,82.8,281.9,332.8
MADHYA PRADESH,KATNI,19.9,13.7,9.1,2.2,3.3,112.2,354.4,391.1
MADHYA PRADESH,DINDORI,19.6,19.4,13.8,5,9.1,196.9,413.3,403.4
MADHYA PRADESH,UMARIA,26.7,21.5,16.2,7.4,7.9,124.9,339.8,415.2
MADHYA PRADESH,DAMOH,20.2,16.5,10.9,5.6,5.3,121.6,360.3,399.1
MADHYA PRADESH,ANUPPUR(SHAHD,29.5,24.8,20.5,14.7,19.9,177.6,386.3,387.2
MADHYA PRADESH,SINGRAULI,10.4,12.6,7.8,3.4,4.8,112.1,262.3,272.8
GUJARAT,AHMEDABAD,0.8,0.3,0.5,0.7,5.9,91,215.4,190.8
GUJARAT,BANASKANTHA,1.4,1.3,2.4,0.9,3.7,63.4,220,181.5
GUJARAT,BARODA,1.2,0,0.5,0.8,4.6,138.8,332.5,306.3
GUJARAT,BHARUCH,0.3,0.1,0.8,0.1,4.9,135.4,283.2,221.2
GUJARAT,VALSAD,0.7,0.1,0.5,0,6.3,350.5,771.8,522.1
GUJARAT,DANGS,1.5,1,1.4,3.4,12.5,258.6,749.8,588.6
GUJARAT,KHEDA,1.2,0.4,1.3,0.4,4.5,110.3,291,259.8
GUJARAT,MEHSANA,1.3,0.6,1,1,5.7,73.9,248.2,208
GUJARAT,PANCHMAHALS,1,0.1,0.7,0.3,6,114.5,311.5,322.6
GUJARAT,SABARKANTHA,1.1,0.6,2.3,1.4,4.5,89.1,289,260.8
GUJARAT,SURAT,0,0.1,0.9,0.1,5.4,223.4,495.7,326.6
GUJARAT,GANDHINAGAR,0.9,0.6,0.7,0.4,6.8,72.3,280.6,223.3
GUJARAT,NARMADA(BRC),0.5,0,1.1,0.2,6,164.4,405.2,348.6
GUJARAT,NAVSARI(VSD),0.6,0.1,0.8,0,7.2,305.3,728.9,484.8
GUJARAT,ANAND(KHR),1.2,0.3,1.6,0.4,3.7,119.5,277.3,261.2
GUJARAT,PATAN(MHSN),1.1,0.9,1.5,0.3,3.8,56.9,206.3,166
GUJARAT,DAHOD(PNML),1.8,0.2,1.3,1,4.5,111,284.6,292
GUJARAT,TAPI(SRT),0,0,0.8,0.1,8.1,234.8,574.5,442.7
GUJARAT,AMRELI,0.6,0.2,1.4,0.2,3.2,104.8,190.8,126.2
GUJARAT,BHAVNAGAR,0.5,0.3,1.2,0.1,2.9,115.5,178.8,140
GUJARAT,JAMNAGAR,0.6,1,2.7,0.3,1.5,89.1,196.6,118
GUJARAT,JUNAGADH,0.5,0.4,0.3,0.1,1.2,190.2,334.1,165.5
GUJARAT,KUTCH,0.6,0.7,1.7,0.2,2.8,45.1,151.5,103.9
GUJARAT,RAJKOT,0.3,0,0.9,0.4,2.9,96.6,216.4,144.2
GUJARAT,SURENDRANAGAR,0.2,0,0.1,0.3,4.7,99.7,168.8,148.1
GUJARAT,PORBANDAR,0.5,0.9,1.3,0.1,1.6,166.3,277.3,145.6
DADAR NAGAR HAVELI,DNH,0.4,0.3,0,0,7.4,385.1,884.5,655.9
DAMAN AND DUI,DAMAN,0.4,0.3,0,0,7.4,385.1,884.5,655.9
DAMAN AND DUI,DIU,0.7,0.7,0.4,0.2,0.9,167.9,281.7,133.3
MAHARASHTRA,MUMBAI CITY,1,1,0.4,1,18,539,785.4,508.7
MAHARASHTRA,RAIGAD,0.2,0.2,0.1,1.8,20.3,656.8,1209.8,852.8
MAHARASHTRA,RATNAGIRI,0.1,0,0.1,3.5,31.7,829.9,1212.7,859.2
MAHARASHTRA,THANE,0.2,0.3,0.3,0.7,13.9,436.4,973.7,677.8
MAHARASHTRA,SINDHUDURG,0.3,0.1,0.4,4.3,58.9,909.5,1100,706.9
MAHARASHTRA,MUMBAI SUB,1,1,0.4,1,18,539,785.4,508.7
GOA,NORTH GOA,0.4,0,0.7,9,94.3,949.8,1182.6,730.2
GOA,SOUTH GOA,0.7,0.1,0.4,6.6,81.2,866.4,1033.6,637.4
MAHARASHTRA,AHMEDNAGAR,0.6,1.3,3,5.3,21.6,104.9,101.8,91.8
MAHARASHTRA,DHULE,2.5,1,3.2,1.6,10.3,117.5,168.9,131.4
MAHARASHTRA,JALGAON,3.3,2.4,4.3,1.4,7.5,132.1,191,195.6
MAHARASHTRA,KOLHAPUR,1,0.8,4.6,25.9,60.2,351.5,723.7,477.2
MAHARASHTRA,NASHIK,1.2,0.5,1,4.7,15.1,154.9,315,259
MAHARASHTRA,PUNE,0.6,0.1,1.6,7.6,27.4,156.9,312.9,225.1
MAHARASHTRA,SANGLI,1.7,0.8,4.3,22.6,54,119,150.6,107.2
MAHARASHTRA,SATARA,0.7,0.7,3.1,14,36.4,150.7,254.4,175.2
MAHARASHTRA,SOLAPUR,2.7,1.5,3.4,9.2,29.8,102.7,99.8,101.6
MAHARASHTRA,NANDURBAR,1,0,0.3,1.5,9.3,137.6,301.4,243.3
MAHARASHTRA,AURANGABAD,2.5,1.6,3.1,2.8,17.1,130.4,156.3,157.9
MAHARASHTRA,BEED,2.5,2,3.8,7,19.7,128.3,136.2,137
MAHARASHTRA,NANDED,4.9,4.5,8.4,8.8,15.9,155.2,247.1,242.6
MAHARASHTRA,OSMANABAD,3.4,2.6,3.9,7.5,26.3,132.1,154.2,154.2
MAHARASHTRA,PARBHANI,5.8,2.9,7.9,7.5,14.4,154.6,215.3,219.9
MAHARASHTRA,LATUR,4.4,3.6,7.8,11.5,21.1,144.8,217.9,220.4
MAHARASHTRA,JALNA,3.2,2,4.5,2.7,17.5,139.3,165,159.9
MAHARASHTRA,HINGOLI,5,4.8,7.2,6.1,13.4,185.2,243.3,255.7
MAHARASHTRA,AKOLA,8.6,5.3,8.8,4.4,9.7,142.9,226.3,204.3
MAHARASHTRA,AMRAVATI,10.1,6.3,7.8,3.7,6.4,137.2,254.2,243.8
MAHARASHTRA,BHANDARA,15.9,13.2,17.7,10.2,11.4,168,376.4,391.2
MAHARASHTRA,BULDHANA,4.6,3,6.1,2.9,8,139.7,191.5,195.3
MAHARASHTRA,CHANDRAPUR,11.4,8.9,14.6,10.8,11.6,180.6,374,374.1
MAHARASHTRA,NAGPUR,13.7,10.9,15.9,9.7,11,158,308.9,280.6
MAHARASHTRA,YAVATMAL,8.6,4.6,11,7.7,11.9,173.6,267.1,262.8
MAHARASHTRA,WARDHA,11.2,9.2,13.1,8.5,15.9,169.7,273.6,273.2
MAHARASHTRA,GADCHIROLI,9.6,7.6,14,12.2,17,209.2,454,441.4
MAHARASHTRA,WASHIM,9,5.7,7.5,4.9,8.3,173,245.4,250.4
MAHARASHTRA,GONDIA,15.2,11.2,16.3,9.1,8.4,174.1,418.1,424.3
CHATISGARH,BASTAR,8.2,8.6,16.2,36.7,38.6,203.8,350.9,373.9
CHATISGARH,BILASPUR,17.4,17.2,17.9,15,18.1,171.1,357.9,336.3
CHATISGARH,DURG,6.4,5.7,12.3,7,9.3,173,325.6,320.7
CHATISGARH,RAIGARH,11,12.8,11.6,11.4,18.3,179.8,373.2,356.9
CHATISGARH,RAIPUR,6.5,8.5,12.3,9.2,16.5,170.3,352.9,327.1
CHATISGARH,SURGUJA,18.7,15.1,13.6,8.5,14.5,198.5,393.7,379.2
CHATISGARH,RAJNANDGAON,9,9.2,12.6,7.8,15.5,169.3,351.6,341.1
CHATISGARH,DANTEWADA,2.6,0.8,4.5,14.7,21.9,180.5,407.9,381
CHATISGARH,KANKER (NORH,7.9,11.1,14.8,18.1,19.9,191.7,392.5,423.4
CHATISGARH,JANJGIR-CHAMP,13.1,12.1,14.2,7,11.3,167.6,394.1,417.2
CHATISGARH,KORBA,17.2,15.4,15.8,12.4,12.2,183.2,409.8,434.7
CHATISGARH,JASHPUR,19.6,21.2,13.8,17.9,31.6,245.2,428.6,417.4
CHATISGARH,DHAMTARI,3.9,9,11.4,11.3,17.2,157.9,357.8,326.6
CHATISGARH,MAHASAMUND,3.7,7.8,12.2,5.6,10.4,171.8,332.4,339.9
CHATISGARH,KORIYA,15.9,7.2,9.8,4.3,5.8,159.7,389.1,382.8
CHATISGARH,KOWARDHA (KAB,12.6,13.9,14,7.6,16.7,141.9,281.2,286.1
CHATISGARH,NARAYANPUR,6.9,8.7,14.7,22.7,24.5,189.3,399.9,425.7
CHATISGARH,BIJAPUR,6.2,4.2,11.9,18.9,12.4,195.9,458.2,486.1
ANDHRA PRADESH,EAST GODAVARI,6,10.1,11.3,22.8,75.3,131.9,206.4,188.4
ANDHRA PRADESH,WEST GODAVARI,6.1,10.7,8.7,19,55.8,135.8,240.2,227.8
ANDHRA PRADESH,GUNTUR,5.5,7.7,7.7,15,58.4,90.2,147.3,155.4
ANDHRA PRADESH,KRISHNA,4.6,6.3,8.7,16.9,46.8,120.9,216.6,194.2
ANDHRA PRADESH,NELLORE,15.7,11.6,6,15.2,51.4,53.4,91.2,95
ANDHRA PRADESH,PRAKASAM,7.9,8.8,10.5,14.9,52.3,64.3,99.3,95.9
ANDHRA PRADESH,SRIKAKULAM,7.9,18.1,17.2,26.3,63.9,145,190.2,202.4
ANDHRA PRADESH,VISAKHAPATNAM,8.8,10.8,17.6,44.7,96.6,132.6,178.2,178.2
ANDHRA PRADESH,VIZIANAGARAM,8.7,14.4,17.7,32.3,90.7,140.7,181.5,194.8
ANDHRA PRADESH,ADILABAD,7.5,7,11.4,11.9,18.2,178.4,317.4,291.7
ANDHRA PRADESH,HYDERABAD,5.9,7.4,14.6,20.4,33.8,110.7,176.8,190.5
ANDHRA PRADESH,KARIMNAGAR,10.8,5.6,10.8,15.7,24,153.2,257.3,226.7
ANDHRA PRADESH,KHAMMAM,4.5,7.1,10.6,23.8,52.6,150.3,282.8,256.4
ANDHRA PRADESH,MAHABUBNAGAR,1.8,2.9,5.6,16.6,34.1,91.1,161.6,158.2
ANDHRA PRADESH,MEDAK,6.5,4.9,9.5,18.8,28,138.2,229.4,211.1
ANDHRA PRADESH,NALGONDA,4.1,4.3,9.2,15.1,28.7,103.2,154.7,147.2
ANDHRA PRADESH,NIZAMABAD,7.9,4.4,8.8,12.3,24.5,161.3,289.4,296.5
ANDHRA PRADESH,WARANGAL,8.3,7.8,12.3,14.2,28.7,147.6,271.2,222.3
ANDHRA PRADESH,RANGAREDDY,3.1,4,7.4,21.1,34.6,109.4,190.6,176.5
ANDHRA PRADESH,ANANTAPUR,3,3.3,6.1,18.9,56.7,55.2,64.3,74.5
ANDHRA PRADESH,CHITTOOR,7.7,7.6,10.1,25.6,67.2,66.8,100.1,110.2
ANDHRA PRADESH,KUDDAPAH,1.9,2.4,4.7,17.3,47.6,69.8,101.1,108.6
ANDHRA PRADESH,KURNOOL,1.2,1.9,5.7,18.3,51.7,80.5,115.8,124.3
TAMIL NADU,VELLORE,8.1,6.8,9.2,22.3,75,65.9,107.3,129
TAMIL NADU,COIMBATORE,8.1,12.2,17.2,53.4,79.7,32.9,47.2,40.6
TAMIL NADU,DHARMAPURI,8,10.2,15.9,41.7,102.8,53.6,77.9,99.3
TAMIL NADU,KANYAKUMARI,18.4,22,42.5,104.3,141.5,186.1,112.5,76.7
TAMIL NADU,CHENNAI,22.1,14.6,3,12,43.5,64.1,108.6,147.9
TAMIL NADU,MADURAI,13.6,14.5,20.6,57.8,66.4,48.7,66.6,87.3
TAMIL NADU,NILGIRIS,23.1,26.2,35.6,82.4,117.3,169.8,260.8,180.9
TAMIL NADU,RAMANATHAPURA,33,18.3,23.5,53,39,16.9,30.1,44.2
TAMIL NADU,SALEM,8.5,7.5,16,54,100.8,65.1,96.4,119.6
TAMIL NADU,THANJAVUR,26.9,15.4,17.3,30.5,54.3,39.8,65,101.8
TAMIL NADU,TIRUCHIRAPPAL,13.6,9.1,11.8,38.4,59.7,31.5,53.2,73.8
TAMIL NADU,TIRUNELVELI,35.4,33.9,48.1,70.4,47.7,37.9,39.5,26.8
TAMIL NADU,ERODE,6.6,9.5,16.8,44.5,81.1,27.5,38.9,57.6
TAMIL NADU,PUDUKKOTTAI,23.2,9.9,13.5,34.2,49.8,44.6,79.3,109
TAMIL NADU,DINDIGUL,19,11.9,22.4,62.6,83,41.2,55.9,70.5
TAMIL NADU,VIRUDHUNAGAR,18.8,24,28.8,67.5,65.2,22.1,35.8,51.4
TAMIL NADU,SIVAGANGA,15.6,12.3,17.5,46.1,57.6,41.9,72,88.2
TAMIL NADU,THOOTHUKUDI,24.6,18.2,29.1,51.5,31,7.1,15.9,15.8
TAMIL NADU,TIRUVANNAMALA,14.7,11.8,11.4,19.3,68.2,62.4,96,142.3
TAMIL NADU,NAGAPATTINAM,62.6,23.1,18.5,24,38,36.8,59.9,93
TAMIL NADU,VILUPPURAM,18.5,9.7,9.3,16.3,50.4,48.9,83.9,130.2
TAMIL NADU,CUDDALORE,27.9,16.2,14.6,17,50.1,47.3,75.1,129.2
TAMIL NADU,KANCHIPURAM,17.3,11.8,3.3,16.4,46.3,68.4,109.5,164.1
TAMIL NADU,TIRUVALLUR,18,13.5,5.1,13.7,48.4,68.6,110.3,135.4
TAMIL NADU,THENI,16,19.4,35.4,73.4,59.5,22,32.6,33.3
TAMIL NADU,NAMAKKAL,6.5,7.4,12.7,44.1,91.8,44,68,97.4
TAMIL NADU,KARUR,9.7,7.8,10.4,38,60.8,19.8,35.7,51.8
TAMIL NADU,PERAMBALUR,13.1,8.3,12.7,30.8,65.4,32.6,50.3,81.9
TAMIL NADU,TIRUVARUR,40.9,19.2,17.2,33.7,46.8,33.4,64,94
TAMIL NADU,KRISHNAGIRI,4.9,5.8,12.3,39.9,99.4,55.9,75.4,96.4
TAMIL NADU,ARIYALUR,21.2,11.3,13.1,21.9,66.8,51.5,72.7,129.2
TAMIL NADU,TIRUPUR,7.1,6.9,13.4,48,73.7,22,27.1,31.7
PONDICHERRY,PONDICHERRY,17.9,19.6,16.6,10.7,43.6,46.9,84.3,127.8
PONDICHERRY,KARAIKAL,53.3,42.9,17.1,17,32.5,50,59.2,82.3
PONDICHERRY,MAHE,17.9,19.6,16.6,10.7,43.6,46.9,84.3,127.8
PONDICHERRY,YANAM,17.9,19.6,16.6,10.7,43.6,46.9,84.3,127.8
KARNATAKA,UTTAR KANNADA,0.3,0.1,2.7,22.1,114,740.9,1053.8,667.7
KARNATAKA,DAKSHIN KANDA,1.9,0.7,6.4,39.8,180.9,977.2,1227.2,833.6
KARNATAKA,UDUPI,1.4,0.4,4.1,29.4,193.8,1081,1371.6,902.2
KARNATAKA,BELGAM,0.7,0.9,6.2,30.2,74.8,130.4,204,126.7
KARNATAKA,BIDAR,5.9,6.1,10.1,21.7,31.4,137.1,190.7,196.6
KARNATAKA,BIJAPUR,2.4,2.7,5.2,20.1,46.5,94.5,91.8,91.3
KARNATAKA,DHARWAD,2.3,3.2,6.9,46.6,82.5,113.8,149.1,101.6
KARNATAKA,GULBARGA,4.3,2.9,6.2,19.7,36.4,112.8,156.1,167.6
KARNATAKA,YADGIR,4.4,3.6,5.2,20.5,36.8,116.8,153,161.2
KARNATAKA,RAICHUR,1.4,2,4.1,17.7,40.5,81.7,110.2,122.2
KARNATAKA,BAGALKOTE,1.8,1.5,4.5,23.5,57.3,80.1,73.6,72.5
KARNATAKA,GADAG,1.2,1,3.9,33.5,71.7,85.1,70.4,75.3
KARNATAKA,HAVERI,0.3,0.5,4,43.6,78.5,114.7,169.8,111.1
KARNATAKA,KOPPAL,1.2,0.4,2.5,19.2,50.5,72.2,75.6,89.1
KARNATAKA,BANGALORE RUR,1.7,5.8,7.6,36.2,93.1,71.2,91.7,118.1
KARNATAKA,BELLARY,1.4,1.4,2.9,26.2,57.9,72.4,77,89.3
KARNATAKA,CHIKMAGALUR,1.6,2,12,60.2,105.9,395,662.1,425
KARNATAKA,CHITRADURGA,1.4,1.2,4.4,25.8,64.9,50.5,56.1,58.9
KARNATAKA,KODAGU,3.5,4.2,18.5,89.8,152.7,542.2,884.4,543.9
KARNATAKA,HASSAN,1.3,2.5,10.7,55.1,102.2,125,203.8,130
KARNATAKA,KOLAR,2.7,4.5,10.4,27.8,74.4,63.3,76.4,91.2
KARNATAKA,MANDYA,1.9,3.6,7.6,45.3,105.1,48.7,49.3,58.9
KARNATAKA,MYSORE,2.5,3.5,11.4,58.7,124.6,79.7,92.4,64.8
KARNATAKA,SHIMOGA,0.5,0.4,6.3,38,78.3,346.8,624.3,403.8
KARNATAKA,TUMKUR,2.4,3,7.1,34,87.1,61.5,69.7,79.5
KARNATAKA,BANGALORE URB,2.3,6.7,8.2,39.2,106.3,73.9,91.6,128.9
KARNATAKA,CHAMARAJANAGA,3.4,6,13.2,69.2,131.2,61.8,68.7,66
KARNATAKA,DAVANGERE,1.1,0.8,4.2,35,74,78.7,102.9,87
KARNATAKA,RAMNAGAR(BNGR),1.5,4.7,10.2,47.9,122.3,73.1,84.5,108.8
KARNATAKA,CHICKBALLAPUR,2.1,4.6,8.2,27.2,69.4,64.3,89.2,104.9
KERALA,ALAPPUZHA,17.5,27.9,45.1,134,298.7,593,533,343.1
KERALA,CANNUR,2.5,2,7.6,57.9,235,852.4,1055,540.9
KERALA,ERNAKULAM,13.2,18.8,31.2,112,300.4,696.4,670.2,401.3
KERALA,KOTTAYAM,13,24.9,42.3,136.1,281.8,649.1,591.4,386
KERALA,KOZHIKODE,2.3,3.9,15.1,80.9,256.6,895.8,955.2,500.9
KERALA,MALAPPURAM,1.7,3.9,12.7,86.8,221.3,660.9,792.9,395.3
KERALA,PALAKKAD,2.9,6.5,22.5,98.7,158.7,464.3,595.4,333.8
KERALA,KOLLAM,17.5,33.7,62.6,158.5,248.5,457.7,398,258.7
KERALA,THRISSUR,3.4,7.5,17,79.2,289.1,707.4,772.9,440.1
KERALA,THIRUVANANTHA,19.3,21.1,35.5,116.7,216.6,338.7,228.9,142
KERALA,IDUKKI,13.4,22.1,43.6,150.4,232.6,651.6,788.9,527.3
KERALA,KASARGOD,2.3,1,8.4,46.9,217.6,999.6,1108.5,636.3
KERALA,PATHANAMTHITTA,19.8,45.2,73.9,184.9,294.7,556.9,539.9,352.7
KERALA,WAYANAD,4.8,8.3,17.5,83.3,174.6,698.1,1110.4,592.9
LAKSHADWEEP,LAKSHADWEEP,20.8,14.7,11.8,48.9,171.7,330.2,287.7,217.5
